"benchmark","source_reviewed_at","region","skill_level","scenario","rank","class","dps","total_damage","fight_seconds","direct_damage","periodic_damage","attack","crit_percent","crit_multiplier","hit_percent","action_seconds","downtime_seconds","target_control","resource_mode","periodic_crit","periodic_refresh","insignia_mode","dot_state_mode","verified_endgame_tier","model_sha256"
"global-common-level-20-v1","2026-10-09","Global","20","overall","1","Cleric","7284.850892857143","3059637.375","420","1171542.375","1888095","1000","25","1.5","100","1","60","immune","unverified","none","replace","consume","duration","false","5597538ff751de16abb14365d9085082dee86bcfab8bcfad0f3954dd2c71a5b0"
"global-common-level-20-v1","2026-10-09","Global","20","overall","2","Chanter","5542.384821428572","2327801.625","420","2327801.625","0","1000","25","1.5","100","1","60","immune","unverified","none","replace","consume","duration","false","5597538ff751de16abb14365d9085082dee86bcfab8bcfad0f3954dd2c71a5b0"
"global-common-level-20-v1","2026-10-09","Global","20","overall","3","Templar","3310.65","1390473","420","1390473","0","1000","25","1.5","100","1","60","immune","unverified","none","replace","consume","duration","false","5597538ff751de16abb14365d9085082dee86bcfab8bcfad0f3954dd2c71a5b0"
"global-common-level-20-v1","2026-10-09","Global","20","overall","4","Spiritmaster","3028.684523809524","1272047.5","420","644701.5","627346","1000","25","1.5","100","1","60","immune","unverified","none","replace","consume","duration","false","5597538ff751de16abb14365d9085082dee86bcfab8bcfad0f3954dd2c71a5b0"
"global-common-level-20-v1","2026-10-09","Global","20","overall","5","Sorcerer","3018.1580357142857","1267626.375","420","1267626.375","0","1000","25","1.5","100","1","60","immune","unverified","none","replace","consume","duration","false","5597538ff751de16abb14365d9085082dee86bcfab8bcfad0f3954dd2c71a5b0"
"global-common-level-20-v1","2026-10-09","Global","20","overall","6","Ranger","2971.1985119047617","1247903.375","420","884991.375","362912","1000","25","1.5","100","1","60","immune","unverified","none","replace","consume","duration","false","5597538ff751de16abb14365d9085082dee86bcfab8bcfad0f3954dd2c71a5b0"
"global-common-level-20-v1","2026-10-09","Global","20","overall","7","Assassin","2818.8910714285716","1183934.25","420","1183934.25","0","1000","25","1.5","100","1","60","immune","unverified","none","replace","consume","duration","false","5597538ff751de16abb14365d9085082dee86bcfab8bcfad0f3954dd2c71a5b0"
"global-common-level-20-v1","2026-10-09","Global","20","overall","8","Gladiator","2541.0160714285716","1067226.75","420","1067226.75","0","1000","25","1.5","100","1","60","immune","unverified","none","replace","consume","duration","false","5597538ff751de16abb14365d9085082dee86bcfab8bcfad0f3954dd2c71a5b0"
"global-common-level-20-v1","2026-10-09","Global","20","boss","1","Cleric","8443.068055555555","1519752.25","180","581195.25","938557","1000","25","1.5","100","1","0","immune","unverified","none","replace","consume","duration","false","5597538ff751de16abb14365d9085082dee86bcfab8bcfad0f3954dd2c71a5b0"
"global-common-level-20-v1","2026-10-09","Global","20","boss","2","Chanter","6427.4625","1156943.25","180","1156943.25","0","1000","25","1.5","100","1","0","immune","unverified","none","replace","consume","duration","false","5597538ff751de16abb14365d9085082dee86bcfab8bcfad0f3954dd2c71a5b0"
"global-common-level-20-v1","2026-10-09","Global","20","boss","3","Templar","3832.0125","689762.25","180","689762.25","0","1000","25","1.5","100","1","0","immune","unverified","none","replace","consume","duration","false","5597538ff751de16abb14365d9085082dee86bcfab8bcfad0f3954dd2c71a5b0"
"global-common-level-20-v1","2026-10-09","Global","20","boss","4","Spiritmaster","3520.5","633690","180","321750","311940","1000","25","1.5","100","1","0","immune","unverified","none","replace","consume","duration","false","5597538ff751de16abb14365d9085082dee86bcfab8bcfad0f3954dd2c71a5b0"
"global-common-level-20-v1","2026-10-09","Global","20","boss","5","Sorcerer","3516.475","632965.5","180","632965.5","0","1000","25","1.5","100","1","0","immune","unverified","none","replace","consume","duration","false","5597538ff751de16abb14365d9085082dee86bcfab8bcfad0f3954dd2c71a5b0"
"global-common-level-20-v1","2026-10-09","Global","20","boss","6","Ranger","3436.9909722222224","618658.375","180","434109.375","184549","1000","25","1.5","100","1","0","immune","unverified","none","replace","consume","duration","false","5597538ff751de16abb14365d9085082dee86bcfab8bcfad0f3954dd2c71a5b0"
"global-common-level-20-v1","2026-10-09","Global","20","boss","7","Assassin","3282.95","590931","180","590931","0","1000","25","1.5","100","1","0","immune","unverified","none","replace","consume","duration","false","5597538ff751de16abb14365d9085082dee86bcfab8bcfad0f3954dd2c71a5b0"
"global-common-level-20-v1","2026-10-09","Global","20","boss","8","Gladiator","2882.4875","518847.75","180","518847.75","0","1000","25","1.5","100","1","0","immune","unverified","none","replace","consume","duration","false","5597538ff751de16abb14365d9085082dee86bcfab8bcfad0f3954dd2c71a5b0"
"global-common-level-20-v1","2026-10-09","Global","20","moving-boss","1","Cleric","6416.188020833333","1539885.125","240","590347.125","949538","1000","25","1.5","100","1","60","immune","unverified","none","replace","consume","duration","false","5597538ff751de16abb14365d9085082dee86bcfab8bcfad0f3954dd2c71a5b0"
"global-common-level-20-v1","2026-10-09","Global","20","moving-boss","2","Chanter","4878.5765625","1170858.375","240","1170858.375","0","1000","25","1.5","100","1","60","immune","unverified","none","replace","consume","duration","false","5597538ff751de16abb14365d9085082dee86bcfab8bcfad0f3954dd2c71a5b0"
"global-common-level-20-v1","2026-10-09","Global","20","moving-boss","3","Templar","2919.628125","700710.75","240","700710.75","0","1000","25","1.5","100","1","60","immune","unverified","none","replace","consume","duration","false","5597538ff751de16abb14365d9085082dee86bcfab8bcfad0f3954dd2c71a5b0"
"global-common-level-20-v1","2026-10-09","Global","20","moving-boss","4","Spiritmaster","2659.8229166666665","638357.5","240","322951.5","315406","1000","25","1.5","100","1","60","immune","unverified","none","replace","consume","duration","false","5597538ff751de16abb14365d9085082dee86bcfab8bcfad0f3954dd2c71a5b0"
"global-common-level-20-v1","2026-10-09","Global","20","moving-boss","5","Sorcerer","2644.4203125","634660.875","240","634660.875","0","1000","25","1.5","100","1","60","immune","unverified","none","replace","consume","duration","false","5597538ff751de16abb14365d9085082dee86bcfab8bcfad0f3954dd2c71a5b0"
"global-common-level-20-v1","2026-10-09","Global","20","moving-boss","6","Ranger","2621.8541666666665","629245","240","450882","178363","1000","25","1.5","100","1","60","immune","unverified","none","replace","consume","duration","false","5597538ff751de16abb14365d9085082dee86bcfab8bcfad0f3954dd2c71a5b0"
"global-common-level-20-v1","2026-10-09","Global","20","moving-boss","7","Assassin","2470.846875","593003.25","240","593003.25","0","1000","25","1.5","100","1","60","immune","unverified","none","replace","consume","duration","false","5597538ff751de16abb14365d9085082dee86bcfab8bcfad0f3954dd2c71a5b0"
"global-common-level-20-v1","2026-10-09","Global","20","moving-boss","8","Gladiator","2284.9125","548379","240","548379","0","1000","25","1.5","100","1","60","immune","unverified","none","replace","consume","duration","false","5597538ff751de16abb14365d9085082dee86bcfab8bcfad0f3954dd2c71a5b0"
